"Date ","series ","OPEN ","HIGH ","LOW ","PREV. CLOSE ","ltp ","close ","vwap ","52W H ","52W L ","VOLUME ","VALUE ","No of trades "
"04-Jul-2024","EQ","984.00","1,004.00","979.60","975.65","1,002.50","998.20","992.82","1,065.60","584.95","1,21,39,832","12,05,26,90,682.10","2,28,411"
"03-Jul-2024","EQ","984.95","987.35","973.50","981.30","977.25","975.65","977.30","1,065.60","584.95","73,46,258","7,17,95,27,220.45","2,30,730"
"02-Jul-2024","EQ","1,004.05","1,005.00","979.10","1,002.05","982.50","981.30","988.36","1,065.60","584.95","1,22,84,132","12,14,11,66,752.35","2,52,422"
"01-Jul-2024","EQ","989.75","1,005.50","985.20","989.75","1,000.00","1,002.05","996.45","1,065.60","584.95","1,40,06,105","13,95,63,45,878.05","2,47,271"
"28-Jun-2024","EQ","975.00","998.50","972.55","972.10","989.20","989.75","989.82","1,065.60","557.80","2,30,25,267","22,79,09,23,244.55","4,26,973"
"27-Jun-2024","EQ","952.50","974.85","948.05","951.85","972.60","972.10","959.23","1,065.60","557.80","1,93,85,412","18,59,50,83,922.20","2,73,327"
"26-Jun-2024","EQ","956.00","962.50","950.10","955.00","952.50","951.85","956.51","1,065.60","557.80","69,08,988","6,60,85,39,093.40","1,82,508"
"25-Jun-2024","EQ","960.00","962.85","949.30","958.05","955.50","955.00","954.60","1,065.60","557.80","73,04,128","6,97,25,50,149.55","2,15,159"
"24-Jun-2024","EQ","960.90","963.50","950.05","961.80","959.00","958.05","957.97","1,065.60","557.80","66,55,577","6,37,58,11,978.75","1,82,820"
"21-Jun-2024","EQ","979.00","980.90","958.10","978.25","960.00","961.80","966.40","1,065.60","557.70","1,43,03,735","13,82,31,76,478.20","3,86,477"
"20-Jun-2024","EQ","980.00","988.40","976.35","977.35","979.10","978.25","981.43","1,065.60","557.70","72,99,571","7,16,40,54,388.95","1,75,319"
"19-Jun-2024","EQ","990.00","994.90","975.15","985.90","977.50","977.35","983.31","1,065.60","557.70","76,05,719","7,47,87,62,920.90","1,82,319"
"18-Jun-2024","EQ","1,000.00","1,003.55","984.00","993.40","986.50","985.90","992.19","1,065.60","557.70","98,45,075","9,76,81,98,778.40","2,84,505"
"14-Jun-2024","EQ","990.00","997.25","981.40","985.85","992.00","993.40","990.22","1,065.60","557.70","1,15,91,421","11,47,80,53,630.05","3,09,906"
"13-Jun-2024","EQ","1,002.00","1,002.00","980.75","988.70","985.80","985.85","988.60","1,065.60","557.70","1,21,57,226","12,01,86,56,079.65","2,95,633"
"12-Jun-2024","EQ","994.50","1,010.25","987.00","987.10","989.20","988.70","996.34","1,065.60","557.70","1,75,27,993","17,46,38,64,630.25","4,30,324"
"11-Jun-2024","EQ","973.80","992.55","966.65","975.15","986.15","987.10","984.93","1,065.60","557.70","1,48,28,702","14,60,53,01,145.30","4,00,232"
"10-Jun-2024","EQ","977.00","984.90","969.10","970.50","974.80","975.15","976.04","1,065.60","557.70","92,58,931","9,03,71,31,825.15","2,02,911"
"07-Jun-2024","EQ","940.00","973.00","935.25","938.25","970.00","970.50","959.91","1,065.60","537.90","1,55,77,866","14,95,32,76,886.75","3,19,681"
"06-Jun-2024","EQ","940.00","946.00","931.20","929.95","939.50","938.25","939.29","1,065.60","537.90","1,17,92,640","11,07,67,24,156.05","3,58,066"
"05-Jun-2024","EQ","924.95","933.75","890.00","903.90","928.00","929.95","917.55","1,065.60","537.90","1,37,52,553","12,61,87,06,601.05","3,47,081"
"04-Jun-2024","EQ","948.00","948.00","855.40","950.45","904.95","903.90","903.72","1,065.60","537.90","2,65,54,598","23,99,79,86,160.70","8,13,215"
"03-Jun-2024","EQ","963.00","963.00","934.00","923.00","951.50","950.45","945.99","1,065.60","537.90","1,23,14,329","11,64,91,70,721.05","3,03,950"
"31-May-2024","EQ","931.65","937.25","920.10","923.95","924.50","923.00","926.90","1,065.60","516.40","1,42,89,102","13,24,45,60,246.05","2,92,240"
"30-May-2024","EQ","943.50","951.45","921.00","943.60","929.35","923.95","932.76","1,065.60","516.40","1,01,70,912","9,48,70,37,493.15","3,12,135"
"29-May-2024","EQ","946.95","950.50","938.80","947.55","943.50","943.60","944.04","1,065.60","516.40","81,84,019","7,72,60,12,188.20","2,35,178"
"28-May-2024","EQ","959.00","961.90","946.00","958.50","947.45","947.55","951.76","1,065.60","516.40","66,18,946","6,29,96,51,307.05","1,97,988"
"27-May-2024","EQ","964.90","966.45","952.00","960.55","959.20","958.50","960.65","1,065.60","516.40","69,16,555","6,64,43,93,473.10","1,74,172"
"24-May-2024","EQ","962.50","970.95","958.00","962.35","958.90","960.55","965.97","1,065.60","509.10","95,90,588","9,26,42,65,969.40","2,55,338"
"23-May-2024","EQ","950.00","963.45","945.05","947.50","962.45","962.35","955.16","1,065.60","509.10","1,12,11,074","10,70,83,62,879.35","2,57,170"
"22-May-2024","EQ","952.00","954.90","942.55","951.30","947.95","947.50","948.59","1,065.60","509.10","94,95,279","9,00,71,05,777.45","2,43,237"
"21-May-2024","EQ","954.00","956.65","948.70","953.95","950.50","951.30","952.23","1,065.60","509.10","1,00,55,258","9,57,49,46,020.95","3,08,306"
"18-May-2024","EQ","950.00","958.00","947.00","945.70","954.00","953.95","951.58","1,065.60","504.75","19,30,324","1,83,68,62,132.25","46,830"
"17-May-2024","EQ","944.00","953.40","941.00","936.40","944.95","945.70","946.87","1,065.60","504.75","1,32,05,512","12,50,39,51,677.20","3,45,592"
"16-May-2024","EQ","953.20","954.40","919.00","947.30","939.20","936.40","932.31","1,065.60","504.75","3,12,40,770","29,12,60,84,706.15","9,91,302"
"15-May-2024","EQ","970.95","972.95","945.10","964.65","946.00","947.30","955.59","1,065.60","504.75","1,96,68,239","18,79,47,94,488.80","5,52,332"
"14-May-2024","EQ","965.10","968.00","953.25","959.75","964.75","964.65","961.48","1,065.60","504.75","1,63,25,689","15,69,67,71,291.20","4,44,401"
"13-May-2024","EQ","1,005.00","1,008.70","947.20","1,046.65","959.40","959.75","965.73","1,065.60","504.75","5,89,74,762","56,95,37,31,977.95","12,49,124"
"10-May-2024","EQ","1,037.00","1,050.35","1,030.40","1,030.30","1,047.00","1,046.65","1,041.70","1,065.60","478.10","1,33,83,183","13,94,12,41,784.40","2,72,084"
"09-May-2024","EQ","1,011.00","1,043.20","1,007.30","1,012.10","1,030.00","1,030.30","1,031.37","1,065.60","478.10","1,91,89,798","19,79,17,72,664.40","3,73,117"
"08-May-2024","EQ","986.95","1,015.00","977.00","988.55","1,013.10","1,012.10","1,001.59","1,065.60","478.10","75,19,352","7,53,12,91,997.20","1,76,945"
"07-May-2024","EQ","1,016.20","1,017.95","982.05","1,016.20","988.00","988.55","995.72","1,065.60","478.10","88,77,426","8,83,94,36,147.40","2,68,478"
"06-May-2024","EQ","1,015.00","1,019.80","1,005.00","1,013.40","1,015.10","1,016.20","1,013.30","1,065.60","478.10","57,24,760","5,80,09,03,344.70","1,52,486"
"03-May-2024","EQ","1,038.00","1,040.20","996.00","1,027.80","1,014.50","1,013.40","1,017.92","1,065.60","474.55","1,18,71,773","12,08,45,02,533.20","2,94,136"
"02-May-2024","EQ","1,020.00","1,030.00","1,011.55","1,007.90","1,028.80","1,027.80","1,024.12","1,065.60","474.55","1,26,95,047","13,00,13,13,075.95","3,25,584"
"30-Apr-2024","EQ","1,005.00","1,019.45","997.50","1,000.60","1,008.00","1,007.90","1,013.13","1,065.60","474.55","90,47,011","9,16,58,14,674.35","2,17,132"
"29-Apr-2024","EQ","1,003.05","1,005.75","999.00","999.50","1,000.05","1,000.60","1,001.33","1,065.60","474.55","47,64,750","4,77,10,91,108.70","1,38,831"
"26-Apr-2024","EQ","1,007.80","1,008.95","996.60","1,001.25","1,000.00","999.50","1,002.09","1,065.60","468.30","79,37,500","7,95,41,27,656.55","2,07,973"
"25-Apr-2024","EQ","992.50","1,003.30","989.50","991.65","1,002.00","1,001.25","996.95","1,065.60","468.30","83,66,455","8,34,09,20,069.70","1,91,801"
"24-Apr-2024","EQ","992.40","995.90","988.00","986.75","990.80","991.65","991.57","1,065.60","468.30","46,71,450","4,63,20,68,971.70","1,32,021"
"23-Apr-2024","EQ","976.00","994.50","974.05","973.55","987.75","986.75","985.98","1,065.60","468.30","79,94,116","7,88,20,75,910.30","2,04,024"
"22-Apr-2024","EQ","978.75","978.75","966.00","963.20","974.70","973.55","971.86","1,065.60","468.30","71,87,959","6,98,56,55,749.55","1,85,545"
"19-Apr-2024","EQ","964.00","967.95","944.00","971.35","964.40","963.20","956.12","1,065.60","465.80","1,53,81,310","14,70,64,20,442.10","4,55,804"
"18-Apr-2024","EQ","996.35","1,003.10","966.25","992.80","977.55","971.35","985.92","1,065.60","465.80","1,35,40,490","13,34,98,51,587.35","3,86,743"
"16-Apr-2024","EQ","990.00","1,004.90","982.10","998.80","992.20","992.80","994.95","1,065.60","465.80","95,74,762","9,52,64,21,190.55","3,71,266"
"15-Apr-2024","EQ","998.10","1,006.95","978.50","1,018.50","997.95","998.80","996.59","1,065.60","465.80","1,26,32,409","12,58,93,70,202.80","3,15,872"
"12-Apr-2024","EQ","1,014.00","1,029.00","1,013.50","1,013.50","1,020.00","1,018.50","1,022.78","1,065.60","452.00","1,15,75,194","11,83,88,97,334.00","2,69,532"
"10-Apr-2024","EQ","1,012.25","1,021.00","1,010.00","1,008.50","1,014.00","1,013.50","1,013.34","1,065.60","452.00","45,54,077","4,61,48,09,424.85","1,47,535"
"09-Apr-2024","EQ","1,021.00","1,029.50","1,005.00","1,013.20","1,008.00","1,008.50","1,016.63","1,065.60","452.00","85,39,041","8,68,10,62,975.60","1,65,448"
"08-Apr-2024","EQ","1,010.05","1,016.40","1,004.00","1,007.10","1,012.70","1,013.20","1,011.67","1,065.60","452.00","51,88,052","5,24,85,88,584.35","1,35,516"
"05-Apr-2024","EQ","1,011.60","1,012.50","1,004.40","1,011.60","1,007.85","1,007.10","1,007.70","1,065.60","419.50","45,19,120","4,55,39,38,869.15","1,25,137"
"04-Apr-2024","EQ","1,016.00","1,017.00","998.15","1,009.15","1,013.00","1,011.60","1,009.18","1,065.60","419.50","91,38,276","9,22,21,66,611.85","2,22,736"
"03-Apr-2024","EQ","1,004.00","1,014.45","992.55","1,004.65","1,009.80","1,009.15","1,005.24","1,065.60","419.50","80,40,366","8,08,24,83,994.30","1,78,668"
"02-Apr-2024","EQ","999.00","1,008.00","993.40","992.25","1,006.40","1,004.65","1,001.88","1,065.60","419.50","79,95,931","8,01,09,66,198.30","1,40,240"
"01-Apr-2024","EQ","1,000.00","1,009.85","987.45","992.80","994.00","992.25","999.89","1,065.60","419.50","86,29,407","8,62,84,17,031.65","1,86,115"
"28-Mar-2024","EQ","982.50","999.90","979.00","978.65","995.00","992.80","989.41","1,065.60","400.45","98,62,996","9,75,85,05,417.60","2,06,461"
"27-Mar-2024","EQ","991.60","995.00","976.70","986.20","979.85","978.65","986.05","1,065.60","400.45","66,40,537","6,54,79,01,957.20","1,53,746"
"26-Mar-2024","EQ","977.00","995.00","976.00","979.80","987.15","986.20","988.47","1,065.60","400.45","94,61,531","9,35,24,25,727.35","2,03,693"
"22-Mar-2024","EQ","964.90","986.20","950.35","964.90","979.75","979.80","973.11","1,065.60","400.45","1,36,38,296","13,27,15,35,879.30","3,31,701"
"21-Mar-2024","EQ","951.00","969.25","946.00","940.45","965.55","964.90","959.70","1,065.60","400.45","1,10,74,207","10,62,78,71,292.80","2,55,104"
"20-Mar-2024","EQ","960.90","965.15","921.20","957.75","944.30","940.45","940.72","1,065.60","400.45","1,39,00,321","13,07,63,39,290.15","3,34,099"
"19-Mar-2024","EQ","968.55","970.60","951.60","972.45","958.20","957.75","960.60","1,065.60","400.45","94,83,750","9,11,01,35,924.35","2,38,021"
"18-Mar-2024","EQ","945.85","974.80","936.65","945.85","972.00","972.45","961.64","1,065.60","400.45","1,21,21,719","11,65,67,66,985.35","3,01,579"
"15-Mar-2024","EQ","968.40","979.75","940.00","967.75","943.95","945.85","951.07","1,065.60","400.45","2,33,90,913","22,24,63,00,902.20","4,09,527"
"14-Mar-2024","EQ","964.95","982.00","955.40","973.20","968.40","967.75","968.09","1,065.60","400.45","2,29,31,801","22,20,00,06,561.95","4,53,838"
"13-Mar-2024","EQ","1,019.00","1,021.00","963.55","1,016.50","973.15","973.20","988.04","1,065.60","400.45","1,65,64,155","16,36,60,04,383.05","4,29,325"
"12-Mar-2024","EQ","1,027.80","1,037.00","1,011.30","1,028.00","1,019.00","1,016.50","1,022.19","1,065.60","400.45","87,63,820","8,95,82,73,288.40","2,43,990"
"11-Mar-2024","EQ","1,034.75","1,035.95","1,021.00","1,039.30","1,029.00","1,028.00","1,028.41","1,065.60","400.45","75,02,450","7,71,56,05,116.35","2,26,237"
"07-Mar-2024","EQ","1,025.00","1,047.00","1,014.05","1,017.65","1,038.00","1,039.30","1,034.02","1,065.60","400.45","1,68,77,082","17,45,12,86,445.70","3,34,768"
"06-Mar-2024","EQ","1,025.00","1,030.65","1,009.00","1,021.90","1,018.30","1,017.65","1,017.80","1,065.60","400.45","1,42,14,823","14,46,78,13,308.05","3,24,328"
"05-Mar-2024","EQ","1,027.00","1,065.60","1,005.35","987.20","1,022.60","1,021.90","1,034.27","1,065.60","400.45","5,98,11,033","61,86,08,32,911.30","10,21,819"
"04-Mar-2024","EQ","993.25","995.00","980.10","988.35","988.90","987.20","987.44","995.00","400.45","60,84,495","6,00,80,71,877.35","1,72,305"
"02-Mar-2024","EQ","987.00","992.60","981.55","977.40","989.00","988.35","988.11","992.60","400.45","17,83,565","1,76,23,52,615.40","44,527"
"01-Mar-2024","EQ","958.95","980.40","956.70","950.20","978.00","977.40","973.55","980.40","400.45","1,06,45,369","10,36,38,17,721.85","2,62,649"
"29-Feb-2024","EQ","959.00","959.25","942.90","958.05","954.80","950.20","951.04","976.00","400.45","1,03,46,657","9,84,01,23,082.15","2,65,774"
"28-Feb-2024","EQ","966.15","976.00","950.30","962.70","956.45","958.05","964.72","976.00","400.45","1,52,19,187","14,68,23,25,105.15","2,74,090"
"27-Feb-2024","EQ","936.75","965.00","935.50","936.95","962.55","962.70","952.91","965.00","400.45","1,28,10,206","12,20,69,13,965.65","2,55,150"
"26-Feb-2024","EQ","937.10","945.00","930.70","937.40","937.00","936.95","939.40","950.00","400.45","56,00,234","5,26,08,57,679.25","1,55,986"
"23-Feb-2024","EQ","933.10","939.80","929.40","932.30","935.05","937.40","935.70","950.00","400.45","70,47,473","6,59,43,19,211.95","1,77,363"
"22-Feb-2024","EQ","924.65","933.85","914.60","921.05","932.00","932.30","924.59","950.00","400.45","64,37,014","5,95,15,96,828.20","1,86,849"
"21-Feb-2024","EQ","926.35","937.20","916.50","926.35","921.50","921.05","927.22","950.00","400.45","60,11,018","5,57,35,15,628.15","1,57,853"
"20-Feb-2024","EQ","934.45","934.65","920.40","932.60","927.65","926.35","926.54","950.00","400.45","47,33,639","4,38,58,87,798.70","1,53,026"
"19-Feb-2024","EQ","942.95","942.95","931.05","938.60","933.80","932.60","934.10","950.00","400.45","46,32,214","4,32,69,48,761.15","1,37,170"
"16-Feb-2024","EQ","925.00","948.80","924.10","920.55","938.40","938.60","941.47","950.00","400.45","1,28,26,164","12,07,54,06,001.80","2,66,600"
"15-Feb-2024","EQ","923.70","927.00","916.35","918.30","920.55","920.55","921.13","950.00","400.45","64,30,799","5,92,35,96,433.30","1,82,677"
"14-Feb-2024","EQ","900.00","919.95","894.35","906.90","918.50","918.30","908.86","950.00","400.45","65,70,939","5,97,20,68,977.20","1,83,347"
"13-Feb-2024","EQ","911.60","919.10","894.00","911.60","907.95","906.90","907.32","950.00","400.45","85,74,218","7,77,95,85,680.05","2,31,171"
"12-Feb-2024","EQ","916.10","925.00","908.00","915.00","912.00","911.60","915.51","950.00","400.45","72,86,778","6,67,11,36,318.90","2,08,068"
"09-Feb-2024","EQ","926.00","927.40","906.05","924.30","915.70","915.00","914.60","950.00","400.45","79,04,881","7,22,98,33,132.70","2,70,899"
"08-Feb-2024","EQ","937.00","939.70","918.80","933.80","925.00","924.30","926.75","950.00","400.45","1,15,76,253","10,72,83,17,488.90","3,05,476"
"07-Feb-2024","EQ","944.00","944.00","928.05","939.55","935.00","933.80","935.53","950.00","400.45","79,13,010","7,40,28,35,642.10","2,86,625"
"06-Feb-2024","EQ","936.40","941.30","928.40","926.80","939.70","939.55","937.35","950.00","400.45","1,27,14,803","11,91,82,59,367.80","3,26,341"
"05-Feb-2024","EQ","934.00","950.00","915.35","878.75","929.75","926.80","934.93","950.00","400.45","3,86,86,871","36,16,96,70,768.70","6,47,208"
"02-Feb-2024","EQ","886.00","895.75","876.85","878.50","882.80","878.75","886.37","900.15","400.45","1,30,03,437","11,52,58,98,374.50","3,17,653"
"01-Feb-2024","EQ","900.00","900.15","876.30","884.20","880.00","878.50","886.70","900.15","400.45","1,45,05,885","12,86,23,06,257.75","2,90,615"
"31-Jan-2024","EQ","865.20","896.50","865.20","858.85","884.80","884.20","882.17","896.50","400.45","2,45,62,392","21,66,81,38,577.05","4,08,702"
"30-Jan-2024","EQ","843.00","885.95","842.85","841.00","864.90","858.85","863.55","885.95","400.45","1,97,34,613","17,04,18,84,369.10","3,49,849"
"29-Jan-2024","EQ","811.85","843.80","811.05","811.85","840.55","841.00","830.88","843.80","400.45","1,28,23,686","10,65,49,91,884.60","2,50,441"
"25-Jan-2024","EQ","814.00","814.15","800.30","810.90","810.55","811.85","809.73","827.60","400.45","1,01,09,720","8,18,61,65,890.10","1,82,572"
"24-Jan-2024","EQ","802.40","812.00","788.50","800.45","811.65","810.90","803.01","827.60","400.45","72,17,542","5,79,57,67,502.25","1,83,775"
"23-Jan-2024","EQ","824.90","827.60","796.30","818.90","802.55","800.45","810.46","827.60","400.45","94,36,209","7,64,76,62,373.75","2,24,944"
"20-Jan-2024","EQ","826.00","827.00","817.05","823.55","819.95","818.90","821.45","827.00","400.10","28,37,388","2,33,07,75,194.85","76,427"
"19-Jan-2024","EQ","823.85","826.00","819.50","819.05","824.00","823.55","822.98","827.00","400.10","57,06,888","4,69,66,52,130.95","1,56,090"
"18-Jan-2024","EQ","807.00","822.95","797.00","805.55","819.60","819.05","812.70","827.00","400.10","1,15,00,495","9,34,64,47,986.25","2,80,473"
"17-Jan-2024","EQ","811.00","813.70","804.00","818.85","807.50","805.55","808.24","827.00","400.10","78,95,439","6,38,13,88,279.55","2,16,248"
"16-Jan-2024","EQ","812.45","827.00","812.45","812.45","817.65","818.85","821.11","827.00","400.10","1,01,59,066","8,34,16,81,993.50","2,21,497"
"15-Jan-2024","EQ","820.00","820.40","810.30","816.45","813.20","812.45","814.14","820.40","400.10","48,35,856","3,93,70,66,936.90","1,97,513"
"12-Jan-2024","EQ","818.15","818.55","809.15","815.65","817.45","816.45","815.16","818.55","385.00","76,64,094","6,24,74,47,301.25","1,53,071"
"11-Jan-2024","EQ","813.50","817.50","808.45","808.45","815.25","815.65","813.62","817.50","385.00","1,10,75,167","9,01,09,80,254.80","2,66,604"
"10-Jan-2024","EQ","800.00","811.00","792.65","799.80","808.95","808.45","803.37","811.00","385.00","99,80,044","8,01,77,07,344.25","1,82,023"
"09-Jan-2024","EQ","799.95","809.20","793.15","789.10","801.00","799.80","802.08","809.20","385.00","1,28,72,757","10,32,49,52,552.85","2,64,264"
"08-Jan-2024","EQ","798.40","800.35","787.50","790.95","789.85","789.10","793.09","805.90","385.00","76,68,471","6,08,17,79,068.55","2,26,261"
"05-Jan-2024","EQ","799.00","805.90","787.10","795.75","792.00","790.95","795.04","805.90","381.00","1,10,91,198","8,81,79,15,485.35","2,67,335"
"04-Jan-2024","EQ","798.00","801.80","791.30","781.45","795.70","795.75","796.06","804.00","381.00","1,42,98,444","11,38,24,14,604.35","3,11,507"
"03-Jan-2024","EQ","786.05","790.00","776.25","784.40","782.60","781.45","782.06","804.00","381.00","85,59,060","6,69,37,35,336.40","2,35,425"
"02-Jan-2024","EQ","800.50","804.00","779.00","790.60","786.00","784.40","787.89","804.00","381.00","1,37,91,090","10,86,58,94,988.45","2,92,570"
"01-Jan-2024","EQ","785.00","798.70","781.05","779.95","792.00","790.60","791.96","802.90","381.00","1,25,70,717","9,95,54,54,953.90","2,80,616"
"29-Dec-2023","EQ","755.00","802.90","754.00","753.90","779.40","779.95","785.47","802.90","375.20","4,11,70,191","32,33,78,28,533.80","5,93,211"
"28-Dec-2023","EQ","742.65","757.95","739.05","740.90","754.85","753.90","748.29","757.95","375.20","1,49,06,199","11,15,42,32,289.65","2,43,381"
"27-Dec-2023","EQ","728.00","741.85","725.15","719.55","740.30","740.90","735.95","741.85","375.20","1,50,52,800","11,07,81,42,060.15","2,88,698"
"26-Dec-2023","EQ","727.40","727.50","716.60","724.70","720.00","719.55","721.73","734.75","375.20","72,29,143","5,21,75,10,087.80","1,95,383"
"22-Dec-2023","EQ","716.80","731.00","712.00","708.85","725.00","724.70","724.50","734.75","375.20","1,20,62,238","8,73,91,00,445.30","2,88,650"
"21-Dec-2023","EQ","703.00","711.90","696.25","705.25","710.00","708.85","707.01","734.75","375.20","77,02,232","5,44,55,51,052.70","2,08,027"
"20-Dec-2023","EQ","730.95","733.00","703.05","728.95","705.95","705.25","717.08","734.75","375.20","81,07,602","5,81,38,26,453.40","2,08,549"
"19-Dec-2023","EQ","732.60","732.60","726.00","730.80","730.00","728.95","729.07","734.75","375.20","45,11,101","3,28,89,05,953.10","1,53,400"
"18-Dec-2023","EQ","732.90","734.75","728.10","732.40","730.15","730.80","731.89","734.75","375.20","54,50,397","3,98,90,96,171.75","1,83,288"
"15-Dec-2023","EQ","723.90","734.00","721.25","719.75","732.20","732.40","729.16","734.00","375.20","1,20,82,079","8,80,97,30,061.50","2,20,965"
"14-Dec-2023","EQ","724.00","724.70","718.60","720.30","719.95","719.75","720.82","727.60","375.20","67,32,352","4,85,28,07,881.05","1,55,479"
"13-Dec-2023","EQ","716.00","721.45","713.50","715.40","720.50","720.30","718.31","727.60","375.20","58,07,736","4,17,17,49,157.40","1,52,801"
"12-Dec-2023","EQ","724.80","724.80","713.00","720.80","716.00","715.40","718.41","727.60","375.20","64,61,539","4,64,20,62,987.95","1,72,429"
"11-Dec-2023","EQ","717.80","726.50","716.55","714.55","720.75","720.80","721.13","727.60","375.20","64,03,209","4,61,75,37,214.85","1,36,631"
"08-Dec-2023","EQ","722.05","727.60","707.50","721.95","714.50","714.55","717.12","727.60","375.20","85,57,203","6,13,65,38,608.15","2,29,134"
"07-Dec-2023","EQ","725.00","727.50","716.00","722.45","721.75","721.95","722.07","727.50","375.20","1,04,51,801","7,54,69,44,469.05","1,97,003"
"06-Dec-2023","EQ","709.05","724.80","709.00","708.95","722.50","722.45","715.64","724.80","375.20","1,21,48,825","8,69,42,26,516.95","2,45,889"
"05-Dec-2023","EQ","705.90","714.90","705.00","705.60","708.55","708.95","709.54","717.25","375.20","96,01,509","6,81,26,27,274.95","1,95,242"
"04-Dec-2023","EQ","716.00","717.00","704.80","705.45","706.10","705.60","707.35","717.25","375.20","93,48,036","6,61,23,33,178.00","2,07,134"
"01-Dec-2023","EQ","708.00","711.00","703.00","706.40","703.95","705.45","705.97","717.25","375.20","1,05,65,415","7,45,89,12,379.35","2,20,179"
"30-Nov-2023","EQ","716.30","717.25","697.00","712.35","707.00","706.40","705.84","717.25","375.20","2,42,75,245","17,13,45,00,655.90","3,92,595"
"29-Nov-2023","EQ","702.75","714.40","694.35","697.50","711.50","712.35","705.36","714.40","375.20","1,61,22,864","11,37,24,33,940.25","2,79,258"
"28-Nov-2023","EQ","677.45","699.45","674.25","673.70","698.00","697.50","690.87","699.45","375.20","1,60,15,860","11,06,48,87,990.05","2,88,718"
"24-Nov-2023","EQ","681.40","681.95","671.25","679.95","673.50","673.70","674.64","687.65","375.20","69,51,690","4,68,98,91,526.80","1,62,861"
"23-Nov-2023","EQ","683.20","685.90","677.05","681.20","680.40","679.95","680.52","687.65","375.20","58,85,370","4,00,50,97,852.40","1,56,976"
"22-Nov-2023","EQ","683.95","687.35","676.05","681.70","681.75","681.20","681.31","687.65","375.20","92,79,642","6,32,23,02,825.10","2,49,519"
"21-Nov-2023","EQ","677.00","683.30","675.00","674.30","681.00","681.70","679.23","687.65","375.20","72,91,057","4,95,22,72,141.25","1,79,804"
"20-Nov-2023","EQ","682.00","686.75","670.70","681.55","675.00","674.30","677.12","687.65","375.20","83,24,354","5,63,65,87,207.80","1,98,837"
"17-Nov-2023","EQ","682.50","687.65","679.60","680.40","681.25","681.55","684.01","687.65","375.20","95,63,220","6,54,13,72,582.10","2,02,852"
"16-Nov-2023","EQ","674.00","685.50","670.90","671.55","679.90","680.40","680.37","685.50","375.20","1,75,01,373","11,90,73,77,470.20","3,43,618"
"15-Nov-2023","EQ","660.00","673.50","656.55","653.25","671.50","671.55","664.20","677.80","375.20","1,13,24,434","7,52,16,55,337.35","2,27,546"
"13-Nov-2023","EQ","653.00","654.00","649.30","653.55","653.50","653.25","651.93","677.80","375.20","32,79,829","2,13,82,22,126.85","1,09,399"
"12-Nov-2023","EQ","657.95","657.95","652.40","651.05","653.40","653.55","654.18","677.80","375.20","22,45,583","1,46,90,21,511.90","89,340"
"10-Nov-2023","EQ","649.35","652.95","644.00","649.35","651.55","651.05","648.99","677.80","375.20","64,25,792","4,17,02,91,613.50","1,27,973"
"09-Nov-2023","EQ","644.00","653.65","642.70","642.55","648.50","649.35","650.01","677.80","375.20","1,01,55,047","6,60,08,44,432.30","1,66,691"
"08-Nov-2023","EQ","648.00","649.05","641.90","645.00","643.95","642.55","645.25","677.80","375.20","65,51,864","4,22,76,10,818.60","1,34,297"
"07-Nov-2023","EQ","645.00","649.90","643.30","646.05","644.80","645.00","646.17","677.80","375.20","65,88,073","4,25,70,44,483.85","1,58,780"
"06-Nov-2023","EQ","652.85","652.85","643.20","647.50","646.05","646.05","646.70","677.80","375.20","1,08,01,301","6,98,51,79,880.45","2,18,664"
"03-Nov-2023","EQ","662.00","666.00","646.20","636.45","646.80","647.50","652.41","677.80","375.20","2,30,87,856","15,06,27,14,284.35","3,66,476"
"02-Nov-2023","EQ","632.00","638.20","630.10","627.70","637.50","636.45","633.82","677.80","375.20","99,34,305","6,29,65,55,682.90","1,98,160"
"01-Nov-2023","EQ","630.00","633.80","626.30","628.65","627.60","627.70","629.50","677.80","375.20","87,85,264","5,53,02,95,098.75","1,66,295"
"31-Oct-2023","EQ","642.00","642.00","627.30","628.50","629.50","628.65","632.20","677.80","375.20","1,13,95,766","7,20,44,57,704.40","2,26,833"
"30-Oct-2023","EQ","643.80","643.80","621.85","641.05","629.20","628.50","628.05","677.80","375.20","1,27,86,883","8,03,08,03,018.35","2,82,270"
"27-Oct-2023","EQ","630.00","643.95","628.45","626.55","640.95","641.05","635.03","677.80","375.20","1,02,32,856","6,49,81,90,078.00","2,17,169"
"26-Oct-2023","EQ","635.00","635.65","624.15","637.85","625.55","626.55","628.33","677.80","375.20","88,89,373","5,58,54,35,011.60","2,58,779"
"25-Oct-2023","EQ","650.00","651.90","636.05","647.35","637.90","637.85","643.25","677.80","375.20","82,29,559","5,29,36,72,839.95","2,40,097"
"23-Oct-2023","EQ","663.65","667.25","645.00","663.20","646.45","647.35","654.70","677.80","375.20","85,64,004","5,60,68,34,849.65","2,03,812"
"20-Oct-2023","EQ","666.65","676.40","660.50","668.80","662.40","663.20","669.28","677.80","375.20","1,17,59,568","7,87,04,49,935.35","2,22,813"
"19-Oct-2023","EQ","662.95","672.30","658.60","668.50","667.10","668.80","666.13","677.80","375.20","1,06,33,043","7,08,29,49,540.35","2,33,714"
"18-Oct-2023","EQ","658.60","672.25","653.80","655.70","667.25","668.50","664.73","677.80","375.20","1,49,08,778","9,91,02,78,989.95","2,66,210"
"17-Oct-2023","EQ","670.00","670.90","654.65","666.20","656.00","655.70","661.44","677.80","375.20","1,02,63,992","6,78,89,80,511.60","2,36,638"
"16-Oct-2023","EQ","668.55","677.80","661.25","667.10","666.35","666.20","669.55","677.80","375.20","2,00,05,816","13,39,48,12,067.35","3,98,067"
"13-Oct-2023","EQ","633.95","669.00","633.00","636.95","667.10","667.10","657.36","669.00","375.20","2,80,11,678","18,41,36,43,893.45","3,32,803"
"12-Oct-2023","EQ","637.00","640.20","635.05","634.00","637.10","636.95","637.46","665.40","375.20","59,28,732","3,77,93,15,590.75","1,25,915"
"11-Oct-2023","EQ","633.00","637.80","632.60","630.55","634.50","634.00","635.10","665.40","375.20","77,01,931","4,89,14,79,943.65","1,35,341"
"10-Oct-2023","EQ","620.00","632.50","617.60","617.35","630.60","630.55","629.02","665.40","375.20","98,33,429","6,18,54,14,512.95","2,06,068"
"09-Oct-2023","EQ","620.80","622.00","613.70","622.45","617.00","617.35","617.82","665.40","375.20","63,81,189","3,94,24,39,639.70","1,72,655"
"06-Oct-2023","EQ","627.00","627.35","620.00","619.60","623.10","622.45","622.95","665.40","375.20","79,22,379","4,93,52,56,762.30","2,27,470"
"05-Oct-2023","EQ","619.00","621.35","614.65","613.60","619.40","619.60","618.39","665.40","375.20","78,93,892","4,88,15,07,887.30","2,24,347"
"04-Oct-2023","EQ","620.80","620.80","608.30","620.45","614.40","613.60","613.73","665.40","375.20","76,12,709","4,67,21,81,567.90","2,24,747"
"03-Oct-2023","EQ","632.60","632.65","618.60","630.20","621.10","620.45","621.92","665.40","375.20","68,94,577","4,28,78,72,037.00","1,71,925"
"29-Sep-2023","EQ","618.70","633.00","617.00","614.10","631.00","630.20","628.64","665.40","375.20","89,69,405","5,63,85,05,877.90","1,51,844"
"28-Sep-2023","EQ","622.90","623.80","612.25","620.15","615.00","614.10","617.93","665.40","375.20","67,68,196","4,18,22,92,216.30","1,34,821"
"27-Sep-2023","EQ","619.95","621.90","616.75","619.80","620.65","620.15","618.76","665.40","375.20","59,60,490","3,68,81,30,393.20","1,49,016"
"26-Sep-2023","EQ","618.70","625.70","617.95","618.70","620.00","619.80","621.89","665.40","375.20","62,71,108","3,89,99,41,784.00","1,24,821"
"25-Sep-2023","EQ","623.85","625.20","617.90","620.45","619.00","618.70","620.60","665.40","375.20","63,90,681","3,96,60,82,058.55","1,30,903"
"22-Sep-2023","EQ","628.00","630.80","619.00","627.05","620.95","620.45","625.62","665.40","375.20","65,51,917","4,09,90,25,027.30","1,50,697"
"21-Sep-2023","EQ","638.50","641.70","624.00","638.50","628.15","627.05","631.47","665.40","375.20","92,66,854","5,85,17,65,688.55","2,02,887"
"20-Sep-2023","EQ","640.70","647.00","637.00","640.65","640.00","638.50","642.84","665.40","375.20","1,17,77,925","7,57,12,71,157.35","2,11,433"
"18-Sep-2023","EQ","635.90","644.20","633.15","634.25","640.85","640.65","640.37","665.40","375.20","1,11,08,349","7,11,35,01,339.10","1,77,581"
"15-Sep-2023","EQ","628.70","636.50","627.15","624.60","634.20","634.25","633.20","665.40","375.20","1,89,17,805","11,97,87,50,794.85","2,50,637"
"14-Sep-2023","EQ","628.10","630.80","623.30","625.90","624.70","624.60","626.87","665.40","375.20","57,22,295","3,58,71,28,293.10","1,38,280"
"13-Sep-2023","EQ","621.00","628.50","619.55","620.80","626.00","625.90","625.18","665.40","375.20","69,88,358","4,36,89,76,331.95","1,41,594"
"12-Sep-2023","EQ","638.00","639.00","615.25","634.85","620.90","620.80","624.30","665.40","375.20","1,25,41,377","7,82,95,99,452.25","2,38,844"
"11-Sep-2023","EQ","634.65","635.40","630.50","627.25","634.95","634.85","633.71","665.40","375.20","87,80,510","5,56,42,59,558.20","2,01,674"
"08-Sep-2023","EQ","617.95","628.90","614.20","614.90","626.95","627.25","624.03","665.40","375.20","1,61,90,749","10,10,34,72,512.75","2,06,605"
"07-Sep-2023","EQ","610.90","616.50","609.05","610.25","614.25","614.90","613.64","665.40","375.20","65,20,293","4,00,11,37,081.85","1,12,863"
"06-Sep-2023","EQ","611.15","612.55","605.60","611.15","610.60","610.25","608.59","665.40","375.20","65,20,064","3,96,80,67,590.80","1,42,267"
"05-Sep-2023","EQ","610.00","618.90","608.05","609.00","611.50","611.15","612.62","665.40","375.20","85,60,651","5,24,44,47,608.85","1,31,391"
"04-Sep-2023","EQ","615.60","615.60","606.00","611.20","609.70","609.00","609.08","665.40","375.20","83,92,665","5,11,17,87,835.65","1,73,185"
"01-Sep-2023","EQ","604.20","614.90","601.90","601.00","610.40","611.20","609.91","665.40","375.20","1,02,97,492","6,28,05,25,718.10","1,82,015"
"31-Aug-2023","EQ","608.80","609.65","599.05","605.55","601.90","601.00","603.88","665.40","375.20","1,05,44,271","6,36,74,65,563.95","1,49,603"
"30-Aug-2023","EQ","611.20","612.90","605.00","607.15","606.65","605.55","609.24","665.40","375.20","56,76,055","3,45,81,00,346.70","1,10,514"
"29-Aug-2023","EQ","603.60","610.50","603.60","602.40","607.65","607.15","607.69","665.40","375.20","69,56,667","4,22,74,70,423.75","1,08,463"
"28-Aug-2023","EQ","605.40","608.50","601.55","605.10","603.00","602.40","604.74","665.40","375.20","74,79,254","4,52,30,34,713.60","1,36,397"
"25-Aug-2023","EQ","610.85","616.70","593.30","610.95","601.80","605.10","606.07","665.40","375.20","1,60,75,509","9,74,29,24,758.50","2,24,142"
"24-Aug-2023","EQ","618.00","619.00","609.65","613.90","611.65","610.95","613.96","665.40","375.20","70,96,025","4,35,66,94,947.50","1,26,558"
"23-Aug-2023","EQ","622.75","622.75","613.15","620.20","614.50","613.90","615.89","665.40","375.20","82,48,333","5,08,01,04,176.50","1,32,089"
"22-Aug-2023","EQ","621.80","626.50","618.60","620.50","619.45","620.20","622.70","665.40","375.20","85,34,395","5,31,43,60,611.05","1,19,046"
"21-Aug-2023","EQ","617.00","623.30","614.80","615.80","619.50","620.50","620.41","665.40","375.20","95,80,365","5,94,37,23,319.55","1,60,367"
"18-Aug-2023","EQ","612.80","620.10","610.90","613.75","613.20","615.80","615.76","665.40","375.20","1,11,90,760","6,89,08,62,422.10","1,91,535"
"17-Aug-2023","EQ","620.00","622.00","611.00","618.75","613.35","613.75","614.99","665.40","375.20","1,21,19,293","7,45,32,54,415.40","1,96,731"
"16-Aug-2023","EQ","606.70","621.35","597.30","607.35","617.80","618.75","610.75","665.40","375.20","1,45,62,074","8,89,37,46,444.75","2,18,419"
"14-Aug-2023","EQ","612.00","612.00","594.50","611.80","606.80","607.35","602.18","665.40","375.20","1,44,92,164","8,72,68,74,255.65","3,28,524"
"11-Aug-2023","EQ","619.75","624.75","610.00","618.25","611.90","611.80","616.76","665.40","375.20","93,47,707","5,76,52,64,757.15","1,72,588"
"10-Aug-2023","EQ","623.00","628.30","598.00","622.55","617.50","618.25","605.43","665.40","375.20","5,31,16,980","32,15,86,84,030.15","2,79,839"
"09-Aug-2023","EQ","610.60","624.00","605.35","607.30","623.50","622.55","614.69","665.40","375.20","1,33,62,350","8,21,37,13,920.75","1,90,843"
"08-Aug-2023","EQ","612.55","614.75","605.25","609.50","607.95","607.30","609.23","665.40","375.20","88,63,640","5,40,00,17,786.55","2,00,799"
"07-Aug-2023","EQ","619.00","619.00","608.50","615.00","610.00","609.50","611.74","665.40","375.20","98,93,466","6,05,22,70,883.65","1,84,528"
"04-Aug-2023","EQ","624.85","625.00","613.30","618.95","615.80","615.00","617.24","665.40","375.20","1,18,06,739","7,28,75,61,209.60","2,03,649"
"03-Aug-2023","EQ","623.00","626.45","614.15","622.65","619.80","618.95","620.10","665.40","375.20","1,14,58,920","7,10,57,32,473.20","1,88,647"
"02-Aug-2023","EQ","644.00","644.30","616.45","643.65","623.00","622.65","626.67","665.40","375.20","1,57,62,687","9,87,80,76,233.55","2,75,002"
"01-Aug-2023","EQ","645.00","652.90","642.00","644.30","642.90","643.65","647.67","665.40","375.20","89,24,219","5,77,99,68,945.75","1,70,823"
"31-Jul-2023","EQ","640.20","645.55","635.90","635.30","644.30","644.30","642.98","665.40","375.20","75,02,361","4,82,38,37,741.50","1,72,623"
"28-Jul-2023","EQ","646.00","646.00","631.80","643.70","635.85","635.30","636.11","665.40","375.20","92,99,530","5,91,55,66,105.65","1,68,753"
"27-Jul-2023","EQ","647.00","648.45","636.75","641.10","646.00","643.70","643.67","665.40","375.20","1,16,96,851","7,52,89,22,145.50","2,19,355"
"26-Jul-2023","EQ","640.00","665.40","639.00","639.45","639.00","641.10","650.43","665.40","375.20","3,16,73,714","20,60,16,75,207.20","4,39,456"
"25-Jul-2023","EQ","636.00","642.50","633.35","629.25","641.80","639.45","638.97","642.50","375.20","1,39,88,137","8,93,79,51,714.05","2,40,989"
"24-Jul-2023","EQ","627.95","634.45","626.25","625.75","630.00","629.25","630.31","634.80","375.20","1,22,47,844","7,71,99,97,621.50","1,91,129"
"21-Jul-2023","EQ","621.00","631.00","617.70","621.65","626.25","625.75","626.12","634.80","375.20","1,29,14,610","8,08,60,56,636.55","2,28,093"
"20-Jul-2023","EQ","622.65","623.60","616.20","620.60","621.70","621.65","620.11","634.80","375.20","78,34,891","4,85,85,29,427.05","1,46,994"
"19-Jul-2023","EQ","614.00","625.30","610.15","612.10","620.00","620.60","618.79","634.80","375.20","1,11,28,348","6,88,61,29,207.45","1,77,036"
"18-Jul-2023","EQ","620.40","620.85","607.00","618.50","611.40","612.10","612.34","634.80","375.20","1,03,59,400","6,34,34,87,925.85","1,97,655"
"17-Jul-2023","EQ","626.90","627.00","617.15","624.90","619.00","618.50","620.26","634.80","375.20","75,80,645","4,70,19,35,428.25","1,61,770"
"14-Jul-2023","EQ","623.00","626.00","619.50","620.65","624.50","624.90","622.85","634.80","375.20","70,10,179","4,36,62,83,471.05","1,17,051"
"13-Jul-2023","EQ","625.00","626.50","615.50","621.45","623.35","620.65","622.04","634.80","375.20","96,89,708","6,02,74,22,532.80","1,75,194"
"12-Jul-2023","EQ","629.95","630.80","619.35","628.50","620.05","621.45","624.84","634.80","375.20","1,07,85,502","6,73,92,09,788.00","2,05,307"
"11-Jul-2023","EQ","624.95","630.45","622.15","618.65","628.95","628.50","625.88","634.80","375.20","1,20,51,173","7,54,26,21,843.90","2,37,986"
"10-Jul-2023","EQ","624.00","634.80","617.55","618.20","619.40","618.65","625.48","634.80","375.20","2,38,02,524","14,88,79,85,314.70","3,42,034"
"07-Jul-2023","EQ","600.00","624.80","592.20","600.80","622.90","618.20","607.47","624.80","375.20","2,10,66,726","12,79,73,64,224.05","2,49,477"
"06-Jul-2023","EQ","590.80","604.95","588.55","588.25","601.00","600.80","597.40","604.95","375.20","1,43,56,681","8,57,67,30,578.00","2,22,847"
"05-Jul-2023","EQ","592.00","593.00","584.95","591.45","589.90","588.25","588.78","602.30","375.20","87,15,919","5,13,17,86,266.40","1,50,738"
"04-Jul-2023","EQ","594.40","596.40","589.50","590.80","591.90","591.45","592.93","602.30","375.20","69,17,886","4,10,18,00,207.05","1,17,731"